id,name,photo_url
1,Sports,https://d3p3fw3rutb1if.cloudfront.net/photos/cca9b197-e85f-432e-9c75-7cdaae861afd
2,Travel,https://d3p3fw3rutb1if.cloudfront.net/photos/bcff5ea4-9ac3-4aee-920a-5688a1e73bba
3,Nature,https://d3p3fw3rutb1if.cloudfront.net/photos/5578df31-7793-4f8a-a108-d87bd0d9d570
4,Tours,https://d3p3fw3rutb1if.cloudfront.net/photos/3d62d030-019b-4bd8-8a1d-df56f8257a83
5,Picnics,https://d3p3fw3rutb1if.cloudfront.net/photos/0943e1a6-6b29-4e12-b2ab-26879bb6d00f
6,Food,https://d3p3fw3rutb1if.cloudfront.net/photos/83a3b433-f471-4e6a-9d8f-323ee4e0dee8
7,Photography,https://d3p3fw3rutb1if.cloudfront.net/photos/2e888d35-214b-4088-94ea-bccc569745d7
8,Outdoors,https://d3p3fw3rutb1if.cloudfront.net/photos/a78ce532-0b2c-4163-bc8c-552d48b78f5e
9,Coffee,https://d3p3fw3rutb1if.cloudfront.net/photos/d3a7a6ca-4d3d-4e73-86f4-bc23beff4ae9
10,Spa,https://d3p3fw3rutb1if.cloudfront.net/photos/ff9295fa-5cfe-464d-b932-9275358b25a3
11,Self-care,https://d3p3fw3rutb1if.cloudfront.net/photos/d9a4c6e1-eead-47ee-a1ef-f80f72183bb0
12,Make Up,https://d3p3fw3rutb1if.cloudfront.net/photos/bb1c7dfb-7191-4ff0-8d5a-0665cb21960d
13,Mindfulness,https://d3p3fw3rutb1if.cloudfront.net/photos/933bcdfe-ab7d-43d9-97c5-4deee25ca0cd
14,Tea,https://d3p3fw3rutb1if.cloudfront.net/photos/148064f0-76b3-456d-bd77-37344fc2d48c
15,Cocktails,https://d3p3fw3rutb1if.cloudfront.net/photos/5cd4ade7-cee7-4a89-9c56-4a6f548b5240
16,Literature,https://d3p3fw3rutb1if.cloudfront.net/photos/f9971079-81a2-4948-a616-0bb808aff848
17,Languages,https://d3p3fw3rutb1if.cloudfront.net/photos/67486548-032d-447f-aacc-50bd5feab818
18,Fashion,https://d3p3fw3rutb1if.cloudfront.net/photos/0c15b49f-3eff-4b26-9897-a409c982df19
19,Films,https://d3p3fw3rutb1if.cloudfront.net/photos/de90be3a-65e1-4380-91ee-394b1d2b432d
20,Entrepreneurship,https://d3p3fw3rutb1if.cloudfront.net/photos/05c292cc-9118-41a3-9314-1578f4e2b700
21,Art,https://d3p3fw3rutb1if.cloudfront.net/photos/d5e8a1fa-a61e-4e10-8a92-fa1b2d46dbcd
22,Music,https://d3p3fw3rutb1if.cloudfront.net/photos/f1010920-28ff-4760-a8f6-ec31a259e806
23,Cooking,https://d3p3fw3rutb1if.cloudfront.net/photos/7c5c7658-cc25-447a-aa51-93620de8410a
24,Social Media,https://d3p3fw3rutb1if.cloudfront.net/photos/7692bfcb-786f-4536-8003-cb5518f48f52
25,LGTBQIA+,https://d3p3fw3rutb1if.cloudfront.net/photos/821dbd10-061b-42b0-9533-b9d3335b8d9d
26,Theatre,https://d3p3fw3rutb1if.cloudfront.net/photos/dfe70c2f-8f95-4047-95a1-615bdffd3ddb
27,Content Creation,https://d3p3fw3rutb1if.cloudfront.net/photos/0f0b21cc-9c2e-49ca-9b64-5715229d72d3
28,Karaoke,https://d3p3fw3rutb1if.cloudfront.net/photos/4bc4f7b3-73fb-4bbd-abfc-d21a67736dd1
29,Science Fiction,https://d3p3fw3rutb1if.cloudfront.net/photos/1f3d86b3-41a8-41dd-ba53-85a6ae833da8
30,Politics,https://d3p3fw3rutb1if.cloudfront.net/photos/a3c4071b-f98d-41d7-9832-1c4a6e36bffa
31,Ecology,https://d3p3fw3rutb1if.cloudfront.net/photos/dfb6ca75-5fe3-4dfe-8ac9-74cac46b7d46
